event_id	sample_id	patient_id	tumor_type	oncotree_code	fusion_name	partner_gene	frame_status	target_role	breakpoint_genomic	breakpoint_exon	breakpoint_protein_position	is_intronic_breakpoint	fusion_annotation_crosscheck_protein_position	fusion_annotation_crosscheck_agrees	fusion_annotation_crosscheck_detail	domain_status	domain_retained_fraction	domain_is_truncated	retained_domains	lost_domains	disrupted_domains	source_annotation_text	source_site2_effect_on_frame
EVT-TCGA-64-1680-01-1	TCGA-64-1680-01		Non-Small Cell Lung Cancer	LUAD	CD74-ROS1	CD74	in-frame	three_prime	117324415	34	1853	False	1853	True	exact match	retained	1.0	False	Protein kinase domain	Fibronectin type III domain		NA | CD74-ROS1 fusion	in-frame
EVT-TCGA-86-8278-01-2	TCGA-86-8278-01		Non-Small Cell Lung Cancer	LUAD	CD74-ROS1	CD74	in-frame	three_prime	117324415	34	1853	False	1853	True	exact match	retained	1.0	False	Protein kinase domain	Fibronectin type III domain		NA | CD74-ROS1 fusion	in-frame
EVT-TCGA-44-2665-01-3	TCGA-44-2665-01		Non-Small Cell Lung Cancer	LUAD	CLTC-ROS1	CLTC	in-frame	three_prime	117321394	35	1881	False	1881	True	exact match	retained	1.0	False	Protein kinase domain	Fibronectin type III domain		NA | CLTC-ROS1 fusion	in-frame
EVT-TCGA-55-6986-01-4	TCGA-55-6986-01		Non-Small Cell Lung Cancer	LUAD	EZR-ROS1	EZR	in-frame	three_prime	117324415	34	1853	False	1853	True	exact match	retained	1.0	False	Protein kinase domain	Fibronectin type III domain		NA | EZR-ROS1 fusion	in-frame
EVT-TCGA-NJ-A7XG-01-5	TCGA-NJ-A7XG-01		Non-Small Cell Lung Cancer	LUAD	EZR-ROS1	EZR	in-frame	three_prime	117324415	34	1853	False	1853	True	exact match	retained	1.0	False	Protein kinase domain	Fibronectin type III domain		NA | EZR-ROS1 fusion	in-frame
EVT-TCGA-86-8278-01-6	TCGA-86-8278-01		Non-Small Cell Lung Cancer	LUAD	ROS1-CD74	CD74	unknown	five_prime	117379059	17	866	False	865	True	hybrid junction codon: fusion-annotation reports the last complete 5-prime residue, exactly one less than this project's hybrid-junction-inclusive residue; expected convention difference, not a disagreement	lost	0.0	False		Protein kinase domain; Fibronectin type III domain		NA | ROS1-CD74 fusion	frameshift
EVT-TCGA-44-2665-01-7	TCGA-44-2665-01		Non-Small Cell Lung Cancer	LUAD	ROS1-CLTC	CLTC	in-frame	five_prime	117288686	43	2284	False	2283	True	hybrid junction codon: fusion-annotation reports the last complete 5-prime residue, exactly one less than this project's hybrid-junction-inclusive residue; expected convention difference, not a disagreement	retained	1.0	False	Protein kinase domain; Fibronectin type III domain			NA | ROS1-CLTC fusion	in-frame
EVT-TCGA-64-1680-01-8	TCGA-64-1680-01		Non-Small Cell Lung Cancer	LUAD	ROS1-FBXO9	FBXO9	unknown	five_prime	117403139	6	193	False	192	True	hybrid junction codon: fusion-annotation reports the last complete 5-prime residue, exactly one less than this project's hybrid-junction-inclusive residue; expected convention difference, not a disagreement	lost	0.0	False		Protein kinase domain; Fibronectin type III domain		NA | ROS1-FBXO9 fusion	frameshift
EVT-TCGA-05-4426-01-9	TCGA-05-4426-01		Non-Small Cell Lung Cancer	LUAD	SLC34A2-ROS1	SLC34A2	in-frame	three_prime	117324415	34	1853	False	1853	True	exact match	retained	1.0	False	Protein kinase domain	Fibronectin type III domain		NA | SLC34A2-ROS1 fusion	in-frame
EVT-TCGA-62-A46Y-01-10	TCGA-62-A46Y-01		Non-Small Cell Lung Cancer	LUAD	SLC34A2-ROS1	SLC34A2	in-frame	three_prime	117329446	32	1750	False	1750	True	exact match	retained	1.0	False	Protein kinase domain	Fibronectin type III domain		NA | SLC34A2-ROS1 fusion	in-frame
