discrepancy_type	event_id	partner_gene	frame_status	retained_domains	lost_domains	disrupted_domains	source_annotation_text	source_site2_effect_on_frame
reference_discrepancy	EVT-P-0064853-T01-IM7-10	CCDC6	out-of-frame	Protein kinase domain	PF00028		CCDC6 (NM_005436) - RET (NM_020975) fusion: c.304-16584:CCDC6_c.1879+388:RETinv | Protein Fusion: out of frame  {CCDC6:RET}	NA
reference_discrepancy	EVT-P-0040111-T01-IM6-15	CCDC6	unknown	Protein kinase domain	PF00028		CCDC6 (NM_005436) - RET (NM_020975) fusion: c.304-13873:CCDC6_c.1919:RETinv | Protein Fusion: mid-exon  {CCDC6:RET}	NA
reference_discrepancy	EVT-P-0038053-T01-IM6-26	CLIP1	unknown	Protein kinase domain	PF00028		CLIP1 (NM_001247997) - RET (NM_020975) rearrangement: t(10;12)(q11.21;q24.31)(chr10:g.43611121::chr12:g.122825512) | Protein Fusion: mid-exon  {CLIP1:RET}	NA
reference_discrepancy	EVT-P-0000252-T01-IM3-27	CUBN	unknown	Protein kinase domain	PF00028		NA | Antisense fusion	NA
reference_discrepancy	EVT-P-0038256-T01-IM6-28	ERC1	unknown	Protein kinase domain	PF00028		ERC1 (NM_178040) - RET (NM_020975) Rearrangement : t(10;12)(q11.1; p13.32)(chr10:g.43609964::chr12:g.1264106) | Protein Fusion: mid-exon  {ERC1:RET}	NA
reference_discrepancy	EVT-P-0026245-T01-IM6-30	KIAA1217	unknown	Protein kinase domain	PF00028		KIAA1217 (NM_019590) - RET (NM_020975) fusion (KIAA1217 exons 1-13 fused to RET exons 7-20): c.2390:KIAA1217_c.1275:RETdel | Protein Fusion: mid-exon  {KIAA1217:RET}	NA
reference_discrepancy	EVT-P-0039257-T03-IM7-33	KIF5B	unknown	Protein kinase domain	PF00028		KIF5B (NM_004521) - RET (NM_020975) fusion: c.1725+1132:KIF5B_c.2012:RETinv | Protein Fusion: mid-exon  {KIF5B:RET}	NA
reference_discrepancy	EVT-P-0013825-T01-IM5-40	KIF5B	unknown	Protein kinase domain	PF00028		KIF5B (NM_004521) - RET (NM_020975) fusion (KIF5B exons 1-16 fused to RET exons 12-20): c.1782:KIF5B_c.2137-512:RETinv | Protein fusion: mid-exon (KIF5B-RET)	NA
reference_discrepancy	EVT-P-0018069-T01-IM6-64	KIF5B	out-of-frame	PF00028	Protein kinase domain		RET (NM_020975) - KIF5B (NM_004521) rearrangement: c.1648+160:RET_c.1915-72:KIF5Binv | Protein Fusion: out of frame  {RET:KIF5B}	NA
reference_discrepancy	EVT-P-0059913-T01-IM7-80	KIF5B	unknown	Protein kinase domain	PF00028		KIF5B (NM_004521) - RET (NM_020975) fusion: c.1725+2441:KIF5B_c.2060:RETinv | Protein Fusion: mid-exon  {KIF5B:RET}	NA
reference_discrepancy	EVT-P-0003125-T01-IM5-85	KIF5B	in-frame	PF00028	Protein kinase domain		NA | Protein fusion: in frame (RET-KIF5B)	NA
reference_discrepancy	EVT-P-0024225-T01-IM6-88	KIF5B	unknown	Protein kinase domain	PF00028		KIF5B (NM_004521) - RET (NM_020975) fusion (KIF5B exons 1-24 fused to RET exons 10-20): c.2762-430:KIF5B_c.1866:RETinv | Protein Fusion: mid-exon  {KIF5B:RET}	NA
reference_discrepancy	EVT-P-0039257-T01-IM6-102	KIF5B	unknown	Protein kinase domain	PF00028		KIF5B (NM_004521) - RET (NM_020975) fusion: c.1725+1132:KIF5B_c.2012:RETinv | Protein Fusion: mid-exon  {KIF5B:RET}	NA
reference_discrepancy	EVT-P-0027723-T01-IM6-107	KIF5B	unknown	Protein kinase domain	PF00028		KIF5B (NM_004521) - RET (NM_020975) fusion (KIF5B exons 1-15 fused to RET exons 11-20):c.1725+966:KIF5B_c.2123:RETinv | Protein Fusion: mid-exon  {KIF5B:RET}	NA
reference_discrepancy	EVT-P-0064951-T01-IM7-112	KIF5B	out-of-frame	Protein kinase domain	PF00028		KIF5B (NM_004521) - RET (NM_020975) fusion: c.2204+2:KIF5B_c.2137-902:RETinv | Protein Fusion: out of frame  {KIF5B:RET}	NA
reference_discrepancy	EVT-P-0019663-T01-IM6-118	LIN52	out-of-frame	PF00028	Protein kinase domain		RET (NM_020975) - LIN52 (NM_001024674) Rearrangement : t(10;14)(p32.1;q12)(chr10:g.43608613:chr14:g.74562750) | Protein Fusion: out of frame  {RET:LIN52}	NA
reference_discrepancy	EVT-P-0065826-T01-IM7-120	NCOA4	out-of-frame	Protein kinase domain	PF00028		NCOA4 (NM_001145260) - RET (NM_020975) fusion: c.2136+673:RET_c.*23+937NCOA4dup | Protein Fusion: out of frame  {TIMM23B:RET}	NA
reference_discrepancy	EVT-P-0037961-T01-IM6-121	NCOA4	out-of-frame	Protein kinase domain	PF00028		NCOA4 (NM_001145260) - RET (NM_020975) rearrangement: c.763-360:NCOA4_c.2137-584:RETdup | Protein Fusion: out of frame  {TIMM23B:RET}	NA
reference_discrepancy	EVT-P-0038315-T01-IM6-122	NCOA4	out-of-frame	Protein kinase domain	PF00028		NCOA4 (NM_001145260) - RET (NM_020975) fusion: c.763-415:NCOA4_c.2137-51:RETdup | Protein Fusion: out of frame  {TIMM23B:RET}	NA
reference_discrepancy	EVT-P-0060765-T02-IM7-123	NCOA4	out-of-frame	Protein kinase domain	PF00028		NCOA4 (NM_001145260) - RET (NM_020975) fusion: c.2137-188:RET_c.763-448NCOA4dup | Protein Fusion: out of frame  {TIMM23B:RET}	NA
reference_discrepancy	EVT-P-0043077-T01-IM6-124	NCOA4	out-of-frame	Protein kinase domain	PF00028		NCOA4 (NM_001145260) - RET (NM_020975) fusion: c.762+608:NCOA4_c.2137-452:RETdup | Protein Fusion: out of frame  {TIMM23B:RET}	NA
reference_discrepancy	EVT-P-0047991-T02-IM6-126	NCOA4	out-of-frame	Protein kinase domain	PF00028		NCOA4 (NM_001145260) - RET  (NM_020975) fusion: c.762+537:NCOA4_c.2137-494:RETdup | Protein Fusion: out of frame  {TIMM23B:RET}	NA
reference_discrepancy	EVT-P-0048805-T01-IM6-127	NCOA4	unknown	Protein kinase domain	PF00028		NCOA4 (NM_001145260) - RET (NM_020975) fusion: c.851:NCOA4_c.2137-807:RETdup | Protein Fusion: mid-exon  {NCOA4:RET}	NA
reference_discrepancy	EVT-P-0049600-T01-IM6-128	NCOA4	unknown	Protein kinase domain	PF00028		NCOA4 (NM_001145260) - RET (NM_020975) fusion: c.1889:NCOA4_c.2137-419:RETdup | Protein Fusion: mid-exon  {NCOA4:RET}	NA
reference_discrepancy	EVT-P-0056870-T01-IM6-129	NCOA4	out-of-frame	Protein kinase domain	PF00028		NCOA4 (NM_001145260) - RET (NM_020975) fusion: c.618+132:NCOA4_c.2136+153:RETdup | Protein Fusion: out of frame  {TIMM23B:RET}	NA
reference_discrepancy	EVT-P-0052409-T01-IM6-130	NCOA4	out-of-frame	Protein kinase domain	PF00028		NCOA4 (NM_001145260) - RET (NM_020975) rearrangement: c.618+214:NCOA4_c.2137-341:RETdup | Protein Fusion: out of frame  {TIMM23B:RET}	NA
reference_discrepancy	EVT-P-0000425-T01-IM3-139	CCDC6	in-frame	PF00028	Protein kinase domain		RET (NM_020630) - CCDC6 (NM_005436) Inversion (c.2136+266_c.303+19630inv) | Protein fusion: in frame (RET-CCDC6)	NA
reference_discrepancy	EVT-P-0005168-T01-IM5-142	CCDC6	out-of-frame	Protein kinase domain	PF00028		CCDC6  (NM_005436) - RET  (NM_020975)  Fusion ( CCDC6 Exon1 fused to RET Exon10 )  :  c.304-11493:CCDC6_c.1760-207:RETinv | Protein fusion: out of frame (CCDC6-RET)	NA
reference_discrepancy	EVT-P-0000889-T01-IM3-147	CCDC6	in-frame	PF00028	Protein kinase domain		RET (NM_020630) - CCDC6 (NM_005436) Reciprocal Inversion:  c.2137-38_c.2137-38inv | Protein fusion: in frame (RET-CCDC6)	NA
reference_discrepancy	EVT-P-0049588-T01-IM6-159	CCDC6	out-of-frame	PF00028	Protein kinase domain		RET (NM_020975) - CCDC6 (NM_005436) rearrangement: c.1879+314:RET_c.304-15222:CCDC6inv | Protein Fusion: out of frame  {RET:CCDC6}	NA
reference_discrepancy	EVT-P-0063502-T01-IM7-162	CTNNA1	unknown	Protein kinase domain; PF00028			RET (NM_020975) - CTNNA1 (NM_001903) fusion: t(5;10)(q31.2;q11.21)(chr5:g.138223827::chr10:g.43622038) | Protein Fusion: mid-exon  {RET:CTNNA1}	NA
reference_discrepancy	EVT-P-0063802-T01-IM7-163	CTNNA3	out-of-frame	PF00028		Protein kinase domain	RET (NM_020975) - CTNNA3 (NM_013266) rearrangement: c.2801+102:RET_c.1375-34298:CTNNA3inv | Protein Fusion: out of frame  {RET:CTNNA3}	NA
reference_discrepancy	EVT-P-0030396-T02-IM6-164	DOCK1	unknown	Protein kinase domain	PF00028		DOCK1 (NM_001380) - RET (NM_020975) Rearrangement: c.2515+295:RET_c.1668:RETdup | Protein Fusion: mid-exon  {DOCK1:RET}	NA
reference_discrepancy	EVT-P-0013886-T01-IM5-165	EML4	unknown	Protein kinase domain	PF00028		EML4 (NM_019063) - RET (NM_020975) rearrangement: t(2;10)(p21;q11.21)(chr2:g.42550559::chr10:g.43610067) | Protein fusion: mid-exon (EML4-RET)	NA
reference_discrepancy	EVT-P-0014808-T03-IM6-166	ERCC6	out-of-frame	PF00028	Protein kinase domain		RET (NM_020975) - ERCC6 (NM_000124) rearrangement: c.2137-816:RET_c.1397+6822:ERCC6inv | Protein Fusion: out of frame  {RET:ERCC6}	NA
reference_discrepancy	EVT-P-0014808-T02-IM6-167	ERCC6	out-of-frame	PF00028	Protein kinase domain		RET (NM_020975) - ERCC6 (NM_000124) rearrangement: c.2137-816:RET_c.1397+6822:ERCC6inv | Protein Fusion: out of frame  {RET:ERCC6}	NA
reference_discrepancy	EVT-P-0014808-T01-IM6-168	ERCC6	out-of-frame	PF00028	Protein kinase domain		RET (NM_020975) - ERCC6 (NM_000124) rearrangement: c.2137-816:RET_c.1397+6822:ERCC6inv | Protein fusion: out of frame (RET-ERCC6)	NA
reference_discrepancy	EVT-P-0027417-T01-IM6-173	KCNMA1	out-of-frame	Protein kinase domain	PF00028		KCNMA1 (NM_001161352) -  RET (NM_020975) rearrangement: c.378+15627:KCNMA1_c.1649-143:RET | Protein Fusion: out of frame  {KCNMA1:RET}	NA
reference_discrepancy	EVT-P-0043704-T01-IM6-174	KIF5B	in-frame	PF00028	Protein kinase domain		RET (NM_020975) - KIF5B (NM_004521) rearrangement: c.2136+147:RET_c.2545-77:KIF5Binv | Protein Fusion: in frame  {RET:KIF5B}	NA
reference_discrepancy	EVT-P-0009592-T01-IM5-180	NCOA4	unknown	Protein kinase domain	PF00028		NCOA4 (NM_001145260) - RET (NM_020975) fusion (NCOA4 exons 1-9 with RET exons 12=20: c.872:NCOA4_c.2136+621:RETdup | Protein fusion: mid-exon (NCOA4-RET)	NA
reference_discrepancy	EVT-P-0022818-T01-IM6-182	NCOA4	unknown	Protein kinase domain	PF00028		NCOA4 (NM_001145260) - RET (NM_020975) fusion (NCOA4 exons 1-8 fused with RET exons 12-20): c.618+42:NCOA4_c.2137-860:RETdup | Protein Fusion: mid-exon  {NCOA4:RET}	NA
reference_discrepancy	EVT-P-0002145-T01-IM3-183	PDCD10	out-of-frame	PF00028	Protein kinase domain		RET (NM_020975) - PDCD10 (NM_145860) translocation:  t(10,3)(q11.21;q26.1)(chr10:g.43609394::chr3:g.167419184) | Protein fusion: out of frame (RET-PDCD10)	NA
reference_discrepancy	EVT-P-0001898-T01-IM3-184	RASSF4	in-frame	PF00028	Protein kinase domain		RET (NM_020975) - RASSF4 (NM_032023) deletion: c.2137-283_c.138+357del | Protein fusion: in frame (RET-RASSF4)	NA
reference_discrepancy	EVT-P-0030396-T02-IM6-185	RBPMS	unknown	Protein kinase domain	PF00028		RBPMS (NM_001008712) - RET (NM_020975) Rearrangement : t(8,10)(p21.1,q11.21)(chr8:g.30412656::chr10:g.43610018) | Protein Fusion: mid-exon  {RBPMS:RET}	NA
reference_discrepancy	EVT-P-0029222-T02-IM6-212	RUFY1	unknown	Protein kinase domain	PF00028		RUFY1 (NM_025158) - RET (NM_020975) Rearrangement : t(5,10)(q35.3,q11.21)(chr5:g.179025890::chr10:g.43610037) | Protein Fusion: mid-exon  {RUFY1:RET}	NA
reference_discrepancy	EVT-P-0015310-T02-IM6-213	RUFY3	out-of-frame	Protein kinase domain	PF00028		RUFY3 (NM_001037442) - RET (NM_020975) rearrangement: t(4;10)(q13.3;q11.21)(chr4:g.71655316::chr10:g.43610427) | Protein fusion: out of frame (RUFY3-RET)	NA
reference_discrepancy	EVT-P-0015310-T04-IM6-214	RUFY3	unknown	Protein kinase domain	PF00028		RUFY3 (NM_001037442) - RET (NM_020975) rearrangement: t(4;10)(q13.3;q11.21)(chr4:g.71655251::chr10:g.43610427) | Protein Fusion: mid-exon  {RUFY3:RET}	NA
reference_discrepancy	EVT-P-0053530-T01-IM6-216	SLC4A4	out-of-frame	PF00028	Protein kinase domain		RET (NM_020975) - SLC4A4 (NM_001134742) rearrangement: t(4;10)(q13.3;q11.21)(chr4:g.72412310::chr10:g.43610439) | Protein Fusion: out of frame  {RET:SLC4A4}	NA
reference_discrepancy	EVT-P-0021980-T01-IM6-218	TIMM23B	out-of-frame	Protein kinase domain	PF00028		NCOA4 (NM_001145260) - RET (NM_020975) fusion (NCOA4 exons 1-8 fused to RET exons 12- 20): c.763-591:NCOA4_c.2136+366:RETdup | Protein Fusion: out of frame  {TIMM23B:RET}	NA
reference_discrepancy	EVT-P-0017716-T01-IM6-219	TIMM23B	out-of-frame	Protein kinase domain	PF00028		NCOA4 (NM_001145260) - RET (NM_020975) fusion (NCOA4 exons 1-7 fused with RET exons 12-20): c.618+42:NCOA4_c.2137-860:RETdup | Protein Fusion: out of frame  {TIMM23B:RET}	NA
reference_discrepancy	EVT-P-0025531-T01-IM6-220	TIMM23B	out-of-frame	Protein kinase domain	PF00028		NCOA4 (NM_001145260) RET (NM_020975) fusion: c.619-108NCOA4_c.2137-657RETdup | Protein Fusion: out of frame  {TIMM23B:RET}	NA
reference_discrepancy	EVT-P-0046790-T01-IM6-223	UXS1	unknown		Protein kinase domain	PF00028	RET (NM_020975) - UXS1 (NM_001253875) rearrangement: t(2;10)(q12.2;q11.21)(chr2:g.106728260::chr10:g.43600430) | Protein Fusion: mid-exon  {RET:UXS1}	NA
reference_discrepancy	EVT-P-0029222-T03-IM6-224	RUFY1	unknown	Protein kinase domain	PF00028		RUFY1 (NM_025158) - RET (NM_020975) fusion: t(5;10)(q35.3;q11.21)(chr5:g.179025890::chr10:g.43610037) | Protein Fusion: mid-exon  {RUFY1:RET}	NA
