discrepancy_type	event_id	partner_gene	frame_status	breakpoint_protein_position	breakpoint_exon	is_intronic_breakpoint	retained_domains	lost_domains	disrupted_domains	source_annotation_text	source_site2_effect_on_frame
reference_discrepancy	EVT-P-0004871-T01-IM5-16	LINC00244	unknown	380	8	True	RAS-binding domain; Cysteine-rich domain	Protein kinase domain		BRAF (NM_004333) rearrangement : c.1140+1724:BRAF_chr7:g.156140327inv | BRAF-NCRNA00244 Fusion	NA
reference_discrepancy	EVT-P-0005553-T02-IM5-17	MRPS33	unknown	327	7	True	RAS-binding domain; Cysteine-rich domain	Protein kinase domain		BRAF (NM_004333)  - MRPS33 (NM_053035)Rearrangement :  c.980+2616:BRAF_c.215+390:MRPS33inv | BRAF-MRPS33 Fusion	NA
reference_discrepancy	EVT-P-0003502-T01-IM5-19	PJA2	in-frame	438	10	True	RAS-binding domain; Cysteine-rich domain	Protein kinase domain		NA | Protein fusion: in frame (BRAF-PJA2)	 in frame 
reference_discrepancy	EVT-P-0002516-T01-IM3-21	VIPR2	unknown	565	14	True	RAS-binding domain; Cysteine-rich domain		Protein kinase domain	NA | BRAF-VIPR2 Fusion	NA
reference_discrepancy	EVT-P-0011111-T01-IM5-25	KDM7A	unknown	393	10	True	Protein kinase domain	RAS-binding domain; Cysteine-rich domain		BRAF (NM_004333) - JHDM1D (NM_030647) rearrangement: c.1178-1831:BRAF_c.*1672:JHDM1Ddel | JHDM1D-BRAF Fusion	NA
reference_discrepancy	EVT-P-0006412-T01-IM5-30	LUC7L2	unknown	287	6	True	RAS-binding domain; Cysteine-rich domain	Protein kinase domain		LUC7L2 (NM_001244584) - BRAF (NM_004333) Rearrangement : c.1008-2090:LUC7L2_c.860+103:BRAFdel | Antisense fusion	NA
reference_discrepancy	EVT-P-0002305-T01-IM3-31	METTL2B	unknown	380	8	True	Protein kinase domain	RAS-binding domain; Cysteine-rich domain		NA | METTL2B-BRAF Fusion	NA
reference_discrepancy	EVT-P-0004373-T02-IM5-32	MKRN1	unknown	744	18	False		Protein kinase domain; RAS-binding domain; Cysteine-rich domain		MKRN1 (NM_013446) - BRAF (NM_004333) rearrangement: c.314+4351:MKRN1_c.2232:BRAFdup | Protein fusion: mid-exon (MKRN1-BRAF)	NA
reference_discrepancy	EVT-P-0002197-T01-IM3-44	SND1	in-frame	381	9	True	RAS-binding domain; Cysteine-rich domain	Protein kinase domain		c.1528-8436:SND1_c.1141-922:BRAFinv | Protein fusion: in frame (BRAF-SND1)	 in frame 
