gene_symbol	config_source	status	distinct_patient_count	total_sv_count	n_events_analyzed	in_frame_percent	domain_retention_percent	fisher_p_value	permutation_p_value	min_fdr_adjusted_q_value	fdr_significant	top_composite_score	top_composite_partner_gene	error
NTRK3	auto	ok	71	71	58	94.82758620689656	94.82758620689656	0.06954887218045114	0.009900990099009901	8.165302454460143e-09	True	0.39428816555577034	ETV6	
ROS1	auto	ok	204	207	122	59.01639344262295	87.70491803278688	0.21404697810540477	0.009900990099009901	0.00022128133451059147	True	0.38738259432620736	CD74	
ETV6	auto	ok	213	214	90	71.11111111111111	75.55555555555556	5.123255667283157e-06	0.009900990099009901	0.0023327890805029308	True	0.44885797730618165	NTRK3	
FLI1	auto	ok	121	121	118	61.86440677966102	5.932203389830509	0.9888368892254235	0.801980198019802	0.008206222859225919	True	0.5807703368213202	EWSR1	
RET	curated	ok	219	230	194	75.25773195876289	92.26804123711341	0.00041966557652448966	0.009900990099009901	0.09668698025006128	False	0.43446312361956285	KIF5B	
FGFR2	auto	ok	188	195	136	79.41176470588235	84.55882352941177	0.00042468658967816087	0.009900990099009901	0.09668698025006128	False	0.3373289449752655	BICC1	
TMPRSS2	auto	ok	1088	1132	867	29.988465974625143	6.113033448673587	0.029204542937878296	1.0	0.21467861071821467	False	0.5305802841591502	ERG	
ERG	auto	ok	863	863	788	30.20304568527919	96.06598984771574	0.8461559038589237	0.009900990099009901	0.21467861071821467	False	0.44839053266803336	TMPRSS2	
EWSR1	auto	ok	415	418	349	65.32951289398281	11.174785100286533	0.9999906850480795	1.0	0.21467861071821467	False	0.29319196671200204	NR4A3	
ALK	curated	ok	321	322	272	83.08823529411765	95.95588235294117	0.001916606889583502	0.009900990099009901	0.21467861071821467	False	0.49628612459616434	EML4	
TP53	auto	ok	258	260	47	8.51063829787234	25.53191489361702	1.0	1.0	0.21467861071821467	False	0.2283906583771174	EIF5	
BRAF	curated	ok	247	251	179	84.35754189944134	91.06145251396649	0.013367557978153668	0.009900990099009901	0.21467861071821467	False	0.3299168133242709	KIAA1549	
EML4	auto	ok	224	225	223	87.89237668161435	53.36322869955157	0.9999957968288015	0.009900990099009901	0.21467861071821467	False	0.6666684758053562	ALK	
FGFR3	auto	ok	194	195	152	48.68421052631579	93.42105263157895	0.019482445609430563	0.009900990099009901	0.21467861071821467	False	0.4923544469678808	TACC3	
TACC3	auto	ok	138	139	132	50.0	48.484848484848484	0.5690847357064275	1.0	0.21467861071821467	False	0.5677847104317121	FGFR3	
NOTCH1	auto	ok	115	117	47	23.404255319148938	59.57446808510638	0.5602236263190975	0.009900990099009901	0.21467861071821467	False	0.33983994748380775	SEC16A	
NTRK1	curated	ok	113	118	78	41.02564102564103	82.05128205128206	0.04826275446570913	0.009900990099009901	0.21467861071821467	False	0.2923325131939558	LMNA	
NAB2	auto	ok	111	111	72	34.72222222222222	68.05555555555556	0.11257953815677238	0.009900990099009901	0.21467861071821467	False	0.3891339296891707	STAT6	
CDK12	auto	ok	99	101	43	16.27906976744186	37.2093023255814	0.06770056320762355	0.31683168316831684	0.21467861071821467	False	0.2756851385529113	ADCY9	
TERT	auto	ok	92	92	19	0.0	68.42105263157895			0.21467861071821467	False	0.3992872251550863	SLC12A7	
MET	auto	ok	73	75	33	51.515151515151516	72.72727272727273	0.26986775429489557	0.009900990099009901	0.21467861071821467	False	0.28504668386748183	CD47	
POLE	auto	ok	73	74	22	18.181818181818183	31.818181818181817	0.8133971291866029	0.9603960396039604	0.21467861071821467	False	0.2044561611937674	GOLGA3	
STAT6	auto	ok	60	60	53	43.39622641509434	5.660377358490566	0.4388775510204082	1.0	0.21467861071821467	False	0.3593870604290903	NAB2	
DNAJB1	auto	ok	54	54	39	64.1025641025641	2.5641025641025643	0.641025641025641	0.009900990099009901	0.21467861071821467	False	0.5431766779315568	PRKACA	
RNF43	auto	ok	48	48	21	28.571428571428573	33.333333333333336	0.9751131221719457	1.0	0.21467861071821467	False	0.24483521110056072	EFCAB5	
KIAA1549	auto	ok	44	44	44	90.9090909090909	50.0	0.9461145774248441	0.009900990099009901	0.21467861071821467	False	0.5302442679348056	BRAF	
POLD1	auto	ok	36	37	16	12.5	37.5	0.1923076923076923	0.43564356435643564	0.21467861071821467	False	0.23271511404952305	MYH14	
RBM10	auto	ok	36	36	7	42.857142857142854	71.42857142857143	0.28571428571428575	0.009900990099009901	0.21467861071821467	False	0.3469851094261489	PHIP	
PRKACA	auto	ok	35	35	35	68.57142857142857	82.85714285714286	0.2	0.009900990099009901	0.21467861071821467	False	0.6812065765728129	DNAJB1	
ATF1	auto	ok	30	30	30	70.0	90.0	0.6724137931034483	0.009900990099009901	0.21467861071821467	False	0.39417217641713087	EWSR1	
BICC1	auto	ok	29	29	28	96.42857142857143	67.85714285714286	0.32142857142857145	0.009900990099009901	0.21467861071821467	False	0.42917424366255674	FGFR2	
STAT5B	auto	ok	27	27	13	15.384615384615385	69.23076923076923	0.9545454545454546	0.1188118811881188	0.21467861071821467	False	0.22320338650851254	USP32	
RPS6KA4	auto	ok	21	22	13	38.46153846153846	53.84615384615385	0.24747474747474751	0.5841584158415841	0.21467861071821467	False	0.21367593983087965	DOCK2	
LMNA	auto	ok	17	17	13	46.15384615384615	38.46153846153846	0.41258741258741266	0.061938061938061936	0.21467861071821467	False	0.4387180418088738	NTRK1	
AGK	auto	ok	14	14	14	92.85714285714286	14.285714285714286	0.8571428571428572	0.009900990099009901	0.21467861071821467	False	0.6219775344176879	BRAF	
TPM3	auto	ok	14	14	14	78.57142857142857	64.28571428571429	1.0	0.009900990099009901	0.21467861071821467	False	0.5362162710201488	NTRK1	
NR4A3	auto	ok	7	7	7	57.142857142857146	71.42857142857143	0.7142857142857142	1.0	0.21467861071821467	False	0.37233904160676246	EWSR1	
EMID1	auto	ok	5	5	4	75.0	25.0	0.75	0.009900990099009901	0.21467861071821467	False	0.46736634667443766	EWSR1	
EGFR	auto	ok	466	559	55	50.90909090909091	74.54545454545455	0.011453858475228429	0.22772277227722773	0.2407072411871082	False	0.3219464603947537	SEPTIN14	
CREB1	auto	ok	7	7	7	57.142857142857146	71.42857142857143	0.7142857142857142	0.3564356435643564	0.2407072411871082	False	0.3814415123298625	EWSR1	
EZH1	auto	ok	30	31	11	0.0	18.181818181818183			0.25718210793281154	False	0.3722167352125851	RAB37	
TSC2	auto	ok	88	90	34	17.647058823529413	23.529411764705884	0.4762390310221232	0.5841584158415841	0.2768825377521029	False	0.2546335841906085	LMLN	
PRKD1	auto	ok	16	16	4	50.0	25.0	0.5	0.013986013986013986	0.2768825377521029	False	0.3032658646395241	CRIP2	
ASPSCR1	auto	ok	20	20	20	70.0	20.0	0.9391124871001032	1.0	0.2846541299272596	False	0.48519357687675413	TFE3	
SEC16A	auto	ok	17	17	17	23.529411764705884	41.1764705882353	1.0	1.0	0.2846541299272596	False	0.37078018250951844	NOTCH1	
AGO2	auto	ok	49	49	23	26.08695652173913	30.434782608695652	0.2670044094192701	0.1188118811881188	0.31779179724385204	False	0.325962175123676	TRAPPC9	
NCOR1	auto	ok	80	81	19	0.0	31.57894736842105			0.32882779870731677	False	0.3513380923243728	CUX1	
KDR	auto	ok	28	29	9	11.11111111111111	33.333333333333336	1.0	1.0	0.32882779870731677	False	0.2071183763283174	PAICS	
SLX4	auto	ok	28	29	19	26.31578947368421	57.89473684210526	0.9526143790849673	0.6633663366336634	0.32882779870731677	False	0.3829542100990689	CREBBP	
IKBKE	auto	ok	27	28	12	25.0	33.333333333333336	0.024242424242424242	0.019801980198019802	0.32882779870731677	False	0.3150159387473804	RASAL2	
CASP8	auto	ok	19	19	9	22.22222222222222	55.55555555555556	0.27777777777777773	0.01998001998001998	0.32882779870731677	False	0.26009618331493267	ORC2	
CDKN2B	auto	ok	40	40	12	16.666666666666668	16.666666666666668	0.022222222222222223	0.04195804195804196	0.3613756613756614	False	0.39086971112797186	CDKN2A	
CD74	auto	ok	74	74	67	58.208955223880594	88.05970149253731	0.2987236190567761	0.022977022977022976	0.36925427513662806	False	0.43196843403361834	ROS1	
NOTCH2	auto	ok	92	92	28	3.5714285714285716	50.0	0.5384615384615383	0.15841584158415842	0.372080354102826	False	0.2302951102316374	CEP85	
CCDC6	auto	ok	53	53	53	92.45283018867924	1.8867924528301887	0.9245283018867925	1.0	0.372080354102826	False	0.42756841243575466	RET	
DNMT3A	auto	ok	32	32	11	36.36363636363637	36.36363636363637	1.0	1.0	0.372080354102826	False	0.31214382527632156	DTNB	
SUFU	auto	ok	17	17	8	25.0	25.0	0.46428571428571425	0.9207920792079208	0.39422799422799426	False	0.22743512069549096	ETV6	
RPTOR	auto	ok	43	43	13	23.076923076923077	15.384615384615385	0.49090909090909096	0.3465346534653465	0.4166184177821888	False	0.2673432664979549	SPNS2	
BCAS3	auto	ok	18	19	16	6.25	43.75	1.0	1.0	0.4166184177821888	False	0.2758936484418714	BRIP1	
PAX8	auto	ok	43	45	10	30.0	80.0	0.9333333333333333	0.18811881188118812	0.45487845487845485	False	0.28538112043976976	DPP10	
INPPL1	auto	ok	39	39	14	28.571428571428573	50.0	0.04895104895104895	0.10891089108910891	0.4686626504808323	False	0.2332087369392623	ANK2	
ACOXL	auto	ok	8	8	8	12.5	50.0	0.5	0.40594059405940597	0.4902088203059077	False	0.31125147337996506	BCL2L11	
KIF5B	auto	ok	95	96	96	88.54166666666667	96.875	0.30872060470324747	0.04095904095904096	0.49861676784753706	False	0.6265843403183619	RET	
TOP1	auto	ok	31	31	10	0.0	50.0			0.525822801052159	False	0.4076540412754321	DHX35	
WWOX	auto	ok	5	5	5	0.0	40.0			0.525822801052159	False	0.43172086744399	TP53	
FGFR1	auto	ok	64	64	23	30.434782608695652	47.82608695652174	0.1807275541795666	0.9801980198019802	0.5434388620229328	False	0.2253811388094084	IGHMBP2	
MAP3K1	auto	ok	42	42	10	10.0	30.0	1.0	1.0	0.5434388620229328	False	0.25563743787212206	PDE4D	
CARM1	auto	ok	39	39	18	22.22222222222222	27.77777777777778	0.7663398692810458	0.9702970297029703	0.5434388620229328	False	0.21683224703118045	SMARCA4	
PRKAR1A	auto	ok	12	12	6	33.333333333333336	16.666666666666668	0.4000000000000001	0.04395604395604396	0.5434388620229328	False	0.25837450855992317	NME1-NME2	
CREBBP	auto	ok	121	122	46	13.043478260869565	32.608695652173914	0.6492997249119472	0.46534653465346537	0.5449097132876554	False	0.2359301014058482	TRAP1	
ERBB3	auto	ok	45	45	18	11.11111111111111	55.55555555555556	0.33088235294117646	0.19801980198019803	0.5772021285070773	False	0.2190189292401744	ATF1	
STK11	auto	ok	97	98	23	4.3478260869565215	30.434782608695652	0.3043478260869565	0.33663366336633666	0.5896720213437309	False	0.2657419212670545	METRN	
CSDE1	auto	ok	31	31	5	0.0	60.0			0.5991082088643064	False	0.4666666666666667	LRRC8B	
TSC1	auto	ok	28	28	7	0.0	57.142857142857146			0.5991082088643064	False	0.43037716305752416	TMC1	
NRG1	auto	ok	16	16	15	53.333333333333336	86.66666666666667	0.2	0.1782178217821782	0.6076891858141859	False	0.26628546522859536	CD74	
FBXL20	auto	ok	8	8	7	28.571428571428573	28.571428571428573	0.5238095238095237	0.4158415841584158	0.6076891858141859	False	0.3591557383314992	CDK12	
FLT4	auto	ok	35	35	7	14.285714285714286	42.857142857142854	0.42857142857142855	0.504950495049505	0.6241355543681125	False	0.22005650909154542	COL23A1	
TRAF7	auto	ok	27	27	10	10.0	20.0	1.0	1.0	0.6484010077763865	False	0.2443425752712689	E4F1	
KMT2C	auto	ok	134	136	32	6.25	46.875	0.5357142857142857	0.8415841584158416	0.6719205824534823	False	0.20407898872558566	EXOC4	
FH	auto	ok	29	30	16	6.25	12.5	0.13333333333333333	0.2871287128712871	0.6719205824534823	False	0.27612678359599413	RYR2	
ABL1	auto	ok	21	22	9	0.0	22.22222222222222			0.6719205824534823	False	0.3955842837890884	NUP214	
DGKH	auto	ok	7	7	7	0.0	28.571428571428573			0.6719205824534823	False	0.4271648104062509	FH	
ELF3	auto	ok	47	47	11	27.272727272727273	45.45454545454545	0.5952380952380953	0.07192807192807193	0.6750396202494776	False	0.26074705057352393	LGR6	
RAD51B	auto	ok	16	16	2	50.0	50.0	0.5	0.07192807192807193	0.6750396202494776	False	0.30651149379065384	CCND2	
ARID1B	auto	ok	72	72	13	0.0	53.84615384615385			0.6823176823176823	False	0.47811386135530193	GRIN2A	
TFE3	auto	ok	45	46	37	56.75675675675676	78.37837837837837	0.3063869242711748	0.6534653465346535	0.6823176823176823	False	0.35131933891540856	ASPSCR1	
AKT2	auto	ok	22	22	10	10.0	20.0	1.0	1.0	0.6823176823176823	False	0.20378504299498407	PRR5L	
TTC28	auto	ok	15	15	12	16.666666666666668	58.333333333333336	0.3818181818181818	0.5247524752475248	0.6823176823176823	False	0.22230376235826887	APC	
GOPC	auto	ok	6	6	4	75.0	50.0	0.5	0.07592407592407592	0.6823176823176823	False	0.4432033050983986	ROS1	
SND1	auto	ok	17	17	17	94.11764705882354	17.647058823529413	0.8235294117647058	1.0	0.7043279301343817	False	0.36382982545544557	BRAF	
KREMEN1	auto	ok	7	7	7	28.571428571428573	42.857142857142854	1.0	1.0	0.7065716505272549	False	0.24529712935969356	NF2	
FAT1	auto	ok	95	98	11	0.0	27.272727272727273			0.7068306686600838	False	0.4094552472421423	SORBS2	
PLCG2	auto	ok	17	17	6	33.333333333333336	66.66666666666667	0.4	0.08391608391608392	0.7172688598188401	False	0.25223523441951273	AP1G1	
EXOC4	auto	ok	5	5	5	0.0	40.0			0.7204596645590434	False	0.5284635117049522	KMT2C	
RAF1	auto	ok	23	23	12	25.0	50.0	1.0	1.0	0.7276937257994952	False	0.21434240118768078	DIP2B	
ANKRD11	auto	ok	54	54	6	0.0	66.66666666666667			0.7605883058496737	False	0.4444444444444445	FGFR2	
USP34	auto	ok	7	7	7	14.285714285714286	71.42857142857143	1.0	1.0	0.8028695702583374	False	0.4093080963677431	XPO1	
XPO1	auto	ok	31	31	12	8.333333333333334	41.666666666666664	1.0	1.0	0.803606359064308	False	0.2217444430479525	USP34	
MALT1	auto	ok	25	25	7	42.857142857142854	42.857142857142854	1.0	1.0	0.8091685099255831	False	0.2381038981324198	SEC11C	
ESR1	auto	ok	30	30	13	23.076923076923077	38.46153846153846	0.8041958041958043	0.8910891089108911	0.8405213402696202	False	0.23336805905637892	NCOA3	
PIK3CB	auto	ok	20	20	5	0.0	60.0			0.8405213402696202	False	0.4483256400978863	KCNMB3	
CD79A	auto	ok	13	13	8	0.0	37.5			0.8405213402696202	False	0.4166666666666667	SHMT1	
SDHA	auto	ok	12	12	5	40.0	60.0	0.30000000000000004	0.10891089108910891	0.8405213402696202	False	0.32689961788725613	AHRR	
NOTCH3	auto	ok	101	102	26	3.8461538461538463	50.0	1.0	1.0	0.8733373618254936	False	0.18811059348721723	SLC1A6	
FUBP1	auto	ok	29	29	11	18.181818181818183	54.54545454545455	0.4166666666666667	0.6831683168316832	0.8733373618254936	False	0.20519457734384602	ATP12A	
ARID1A	auto	ok	148	149	31	12.903225806451612	35.483870967741936	0.493242389794114	0.6237623762376238	0.8787233547947753	False	0.20970529429513396	LTA4H	
CIC	auto	ok	68	72	21	0.0	42.857142857142854			0.8787233547947753	False	0.33625571949716004	ACTN4	
KDM5A	auto	ok	44	45	10	30.0	50.0	0.11904761904761901	0.2376237623762376	0.8787233547947753	False	0.2332176865220814	COLGALT1	
ERBB2	auto	ok	88	92	44	15.909090909090908	43.18181818181818	1.0	1.0	0.8970499090725399	False	0.2189198743681994	ANKFN1	
ATM	auto	ok	72	72	27	3.7037037037037037	29.62962962962963	0.32	0.3465346534653465	0.8970499090725399	False	0.2107957938331902	C11ORF65	
BRCA1	auto	ok	66	69	27	7.407407407407407	48.148148148148145	0.78	0.7425742574257426	0.8970499090725399	False	0.19838812806675463	HNF1B	
PPM1D	auto	ok	27	29	12	8.333333333333334	25.0	1.0	1.0	0.8970499090725399	False	0.26202863792401276	RNFT1	
CACNA1A	auto	ok	7	7	7	14.285714285714286	42.857142857142854	0.5	0.5643564356435643	0.8970499090725399	False	0.21884889210218156	DNMT1	
NELL1	auto	ok	5	5	5	20.0	80.0	0.7999999999999999	0.12787212787212787	0.8970499090725399	False	0.3912319176668875	NOTCH1	
ARID5B	auto	ok	31	33	6	0.0	33.333333333333336			0.9185770159085463	False	0.49038611961820483	KDM2B	
RB1	auto	ok	147	147	19	0.0	47.36842105263158			0.9220217664701992	False	0.39838792082307034	ITM2B	
KMT2A	auto	ok	65	65	21	19.047619047619047	47.61904761904762	0.875	0.801980198019802	0.9220217664701992	False	0.19059389829472573	TMPRSS4	
RAD21	auto	ok	38	39	9	44.44444444444444	55.55555555555556	0.8333333333333334	0.8118811881188119	0.9220217664701992	False	0.34115801699610426	EIF3H	
PICALM	auto	ok	5	5	5	0.0	60.0			0.9220217664701992	False	0.41937260261404313	CCND1	
CSF3R	auto	ok	17	18	6	33.333333333333336	66.66666666666667	0.4	0.4752475247524752	0.9247684299441491	False	0.2944043506304636	CSMD2	
FOXA1	auto	ok	51	52	11	0.0	18.181818181818183			0.956940033626004	False	0.5258997371738261	SLC25A21	
NF2	auto	ok	46	48	12	8.333333333333334	8.333333333333334	1.0	1.0	0.956940033626004	False	0.22693166155900651	EWSR1	
NOTCH4	auto	ok	44	46	16	0.0	68.75			0.956940033626004	False	0.3690691322739369	PBX2	
SMARCA4	auto	ok	143	146	36	19.444444444444443	41.666666666666664	0.9860703812316716	0.9207920792079208	0.9926423835044055	False	0.25614309348872605	LDLR	
PAK1	auto	ok	25	26	10	10.0	10.0	1.0	1.0	0.9926423835044055	False	0.22665505475618364	ABTB2	
CCND1	auto	ok	15	15	7	0.0	57.142857142857146			0.9926423835044055	False	0.42857142857142855	PICALM	
KMT2D	auto	ok	128	130	47	2.127659574468085	36.170212765957444	1.0	1.0	0.9996556177356867	False	0.1893380893955642	DHH	
WT1	auto	ok	119	119	104	89.42307692307692	4.8076923076923075	0.9919856263182001	0.9900990099009901	0.9996556177356867	False	0.6209164344192527	EWSR1	
EP300	auto	ok	98	98	22	4.545454545454546	31.818181818181817	1.0	1.0	0.9996556177356867	False	0.20526070601277258	MEI1	
MGA	auto	ok	65	66	15	6.666666666666667	46.666666666666664	1.0	1.0	0.9996556177356867	False	0.23722573286535614	EHD4	
RICTOR	auto	ok	34	34	10	30.0	50.0	0.9523809523809524	0.45544554455445546	0.9996556177356867	False	0.27871916092421345	FYB1	
INSR	auto	ok	31	31	6	16.666666666666668	50.0	0.5	0.8811881188118812	0.9996556177356867	False	0.2279009669929842	PGPEP1	
PDGFRB	auto	ok	16	16	5	40.0	40.0	1.0	1.0	0.9996556177356867	False	0.27071089096771955	PDE6A	
MYD88	auto	ok	8	8	6	33.333333333333336	33.333333333333336	0.6	0.6138613861386139	0.9996556177356867	False	0.2253407343611976	ACAA1	
NF1	auto	ok	247	253	47	10.638297872340425	44.680851063829785	0.45533182076006806	0.26732673267326734	1.0	False	0.2741941904275442	THRB	
APC	auto	ok	110	112	22	0.0	45.45454545454545			1.0	False	0.44596132824694884	SRP19	
BRD4	auto	ok	86	87	32	3.125	34.375	1.0	1.0	1.0	False	0.1909177983740763	CACNA1A	
PTEN	auto	ok	86	86	9	22.22222222222222	22.22222222222222	1.0	1.0	1.0	False	0.26667641395470404	ACTA2	
DOT1L	auto	ok	85	85	22	22.727272727272727	36.36363636363637	0.9239766081871346	0.9801980198019802	1.0	False	0.24784368409417143	CELF5	
PBRM1	auto	ok	85	85	18	5.555555555555555	50.0	0.5	0.37623762376237624	1.0	False	0.21266283678418238	DEPTOR	
ZFHX3	auto	ok	85	87	7	0.0	14.285714285714286			1.0	False	0.5238095238095238	CFDP1	
DNMT1	auto	ok	80	82	28	17.857142857142858	17.857142857142858	1.0	1.0	1.0	False	0.22993888098183823	RAVER1	
BRCA2	auto	ok	79	82	12	8.333333333333334	58.333333333333336	1.0	1.0	1.0	False	0.21396303545339232	PCDH7	
ARID2	auto	ok	72	72	13	0.0	23.076923076923077			1.0	False	0.4156062684172612	CPNE8	
CTNNB1	auto	ok	72	72	10	30.0	40.0	0.40476190476190477	0.8118811881188119	1.0	False	0.2133712320563039	ULK4	
KDM6A	auto	ok	71	71	8	25.0	75.0	1.0	1.0	1.0	False	0.08219342447368602	BMS1P20	
BAP1	auto	ok	67	70	18	16.666666666666668	33.333333333333336	1.0	1.0	1.0	False	0.25150366352179043	STAB1	
ATRX	auto	ok	64	65	7	28.571428571428573	42.857142857142854	0.7142857142857143	0.24752475247524752	1.0	False	0.2809770783416272	CARMIL1	
SMAD4	auto	ok	62	62	6	0.0	16.666666666666668			1.0	False	0.42588731409211866	MAPK4	
SPEN	auto	ok	61	63	19	0.0	26.31578947368421			1.0	False	0.3570453912559176	RUNX2	
CDH1	auto	ok	58	58	9	11.11111111111111	66.66666666666667	0.8571428571428572	0.9504950495049505	1.0	False	0.2045395182896339	GLG1	
PTPRD	auto	ok	57	58	8	12.5	37.5	0.42857142857142855	0.7920792079207921	1.0	False	0.21760449390538952	CCDC171	
RTEL1	auto	ok	57	57	24	20.833333333333332	37.5	0.2549407114624506	0.19801980198019803	1.0	False	0.21731840341043313	PRPF6	
PIK3R1	auto	ok	55	56	3	33.333333333333336	33.333333333333336	1.0	1.0	1.0	False	0.15299942117135834	LRRFIP1	
MDC1	auto	ok	52	56	14	7.142857142857143	57.142857142857146	0.5714285714285714	0.7128712871287128	1.0	False	0.24469778100009942	GABRG3	
GLI1	auto	ok	51	53	21	19.047619047619047	57.142857142857146	0.4654282765737874	0.7227722772277227	1.0	False	0.2433513130951563	PTCH1	
STAT3	auto	ok	51	51	12	8.333333333333334	8.333333333333334	1.0	1.0	1.0	False	0.1969130483208406	EZH1	
FANCA	auto	ok	49	49	20	15.0	35.0	0.749122807017544	0.7326732673267327	1.0	False	0.23898969097212966	ABHD3	
MTOR	auto	ok	49	51	20	10.0	30.0	1.0	1.0	1.0	False	0.2128008610028869	COMMD1	
ATR	auto	ok	48	48	7	0.0	28.571428571428573			1.0	False	0.3882037714452119	ACP3	
BRIP1	auto	ok	46	46	19	0.0	21.05263157894737			1.0	False	0.3595012401542424	PTRH2	
SETD2	auto	ok	46	46	17	0.0	47.05882352941177			1.0	False	0.367063784680354	PHF7	
NSD1	auto	ok	45	45	12	8.333333333333334	33.333333333333336	0.3636363636363636	0.6831683168316832	1.0	False	0.24707862473391096	FGFR4	
PTPRS	auto	ok	44	45	14	7.142857142857143	35.714285714285715	1.0	1.0	1.0	False	0.1952136144235555	FCAR	
PIK3C2G	auto	ok	43	43	10	30.0	30.0	0.7619047619047619	0.44554455445544555	1.0	False	0.23810083111673372	GRIN2B	
B2M	auto	ok	42	43	4	0.0	0.0			1.0	False	0.6665987765427115	TRIM69	
ERBB4	auto	ok	42	42	5	40.0	40.0	0.7	0.9504950495049505	1.0	False	0.23137990854000245	SLC13A3	
DNMT3B	auto	ok	40	41	7	0.0	14.285714285714286			1.0	False	0.3882037714452119	MYH7B	
KEAP1	auto	ok	40	40	8	0.0	25.0			1.0	False	0.37846351170495224	STAT5B	
NFE2L2	auto	ok	40	41	5	0.0	20.0			1.0	False	0.5000925538037929	ZNF385B	
EZH2	auto	ok	39	39	14	14.285714285714286	7.142857142857143	1.0	1.0	1.0	False	0.278262780287552	CUL1	
FOXP1	auto	ok	39	39	5	20.0	80.0	0.7999999999999999	1.0	1.0	False	0.2861328014335576	TMPRSS2	
NBN	auto	ok	38	38	6	0.0	33.333333333333336			1.0	False	0.44336417604453715	CALB1	
AXL	auto	ok	37	37	10	30.0	20.0	0.6428571428571428	0.5742574257425742	1.0	False	0.21363553784327244	RNF2	
PREX2	auto	ok	37	38	4	0.0	50.0			1.0	False	0.44664532988677036	TMPRSS2	
BCOR	auto	ok	36	36	7	0.0	57.142857142857146			1.0	False	0.3882037714452119	KMT2D	
DROSHA	auto	ok	36	36	7	42.857142857142854	14.285714285714286	0.4285714285714286	0.49504950495049505	1.0	False	0.3073796012896695	ADAMTS12	
IGF1R	auto	ok	36	37	12	8.333333333333334	25.0	1.0	1.0	1.0	False	0.20191515455224437	CENPE	
TBX3	auto	ok	36	36	6	0.0	50.0			1.0	False	0.40119078443222495	ARID1A	
KDM5C	auto	ok	33	34	10	30.0	60.0	0.9880952380952381	0.9108910891089109	1.0	False	0.20845981575512168	KANTR	
NCOA3	auto	ok	33	34	13	23.076923076923077	69.23076923076923	0.38181818181818183	0.8712871287128713	1.0	False	0.20591646372611289	EYA2	
PTPRT	auto	ok	33	33	6	33.333333333333336	50.0	0.9	0.9702970297029703	1.0	False	0.2209823138899774	ZHX3	
RUNX1	auto	ok	33	34	6	16.666666666666668	33.333333333333336	0.3333333333333333	0.9504950495049505	1.0	False	0.2765077311953757	IRF2BP2	
BCL2L11	auto	ok	32	32	14	21.428571428571427	21.428571428571427	1.0	1.0	1.0	False	0.3364299854212505	ACOXL	
JAK3	auto	ok	32	34	9	0.0	33.333333333333336			1.0	False	0.39197444993535074	CIMAP1D	
PIK3R2	auto	ok	32	32	10	10.0	40.0	1.0	1.0	1.0	False	0.26322073581431854	PRKACA	
RPS6KB2	auto	ok	32	32	9	33.333333333333336	0.0	1.0	1.0	1.0	False	0.2760707432873293	TBC1D10C	
ERCC2	auto	ok	31	32	8	25.0	75.0	0.9642857142857143	0.9306930693069307	1.0	False	0.26508110124944706	RBM5	
PDGFRA	auto	ok	31	33	9	55.55555555555556	55.55555555555556	0.9603174603174603	0.9603960396039604	1.0	False	0.22395088657117357	EXOC1	
TP53BP1	auto	ok	31	31	11	18.181818181818183	54.54545454545455	0.9166666666666666	0.9306930693069307	1.0	False	0.2740652956277303	PPIP5K1	
ETV1	auto	ok	30	30	21	52.38095238095238	0.0	1.0	1.0	1.0	False	0.39779846106080413	TMPRSS2	
GNAS	auto	ok	30	30	8	25.0	0.0	1.0	1.0	1.0	False	0.2779181319385826	PTGIS	
AXIN1	auto	ok	29	29	6	50.0	66.66666666666667	0.20000000000000004	0.49504950495049505	1.0	False	0.4256016194316759	NPRL3	
CALR	auto	ok	29	29	9	44.44444444444444	0.0	1.0	1.0	1.0	False	0.2806365089660361	FARSA	
CBL	auto	ok	29	29	4	25.0	50.0	1.0	1.0	1.0	False	0.33989786167452146	KMT2A	
JAK1	auto	ok	29	30	8	12.5	0.0	1.0	1.0	1.0	False	0.20640624114684614	FGGY	
NTRK2	auto	ok	29	30	5	0.0	40.0			1.0	False	0.44045929842019926	COL5A1	
AXIN2	auto	ok	28	28	4	0.0	75.0			1.0	False	0.44664532988677036	PLXDC1	
RARA	auto	ok	28	28	14	28.571428571428573	35.714285714285715	1.0	1.0	1.0	False	0.21577443129579865	FER1L5	
TEK	auto	ok	28	28	9	0.0	55.55555555555556			1.0	False	0.37088775412919467	ZCCHC7	
TET1	auto	ok	28	28	7	14.285714285714286	28.571428571428573	1.0	1.0	1.0	False	0.21351207429486657	CAMTA1	
MAP2K4	auto	ok	27	27	7	14.285714285714286	0.0	1.0	1.0	1.0	False	0.3107283026174566	DNAH9	
SMAD3	auto	ok	27	27	9	11.11111111111111	55.55555555555556	1.0	1.0	1.0	False	0.24039797348222341	IQCH	
IRS2	auto	ok	26	26	9	11.11111111111111	77.77777777777777	0.7777777777777778	0.9702970297029703	1.0	False	0.25539455902913843	DOCK9	
SOX9	auto	ok	26	27	5	0.0	20.0			1.0	False	0.4440691322739369	MRPS9	
UPF1	auto	ok	26	26	6	33.333333333333336	50.0	0.9	0.3564356435643564	1.0	False	0.2350398699384753	CEP89	
CARD11	auto	ok	25	25	7	0.0	28.571428571428573			1.0	False	0.43037716305752416	MAD1L1	
FLT1	auto	ok	25	25	3	33.333333333333336	33.333333333333336	0.3333333333333333	0.49504950495049505	1.0	False	0.15891795450630603	IRS2	
ASXL2	auto	ok	24	24	7	28.571428571428573	57.142857142857146	0.2857142857142857	0.49504950495049505	1.0	False	0.2760737207304138	PPM1G	
DIS3	auto	ok	24	24	6	16.666666666666668	16.666666666666668	1.0	1.0	1.0	False	0.3189062411468461	NALF1	
TP63	auto	ok	24	24	7	28.571428571428573	14.285714285714286	1.0	1.0	1.0	False	0.27471537176173405	LINC00578	
AKT1	auto	ok	23	23	7	0.0	42.857142857142854			1.0	False	0.5238095238095238	LAMTOR1	
MAP3K13	auto	ok	23	24	5	0.0	20.0			1.0	False	0.4385390492621718	LIPH	
MDM2	auto	ok	23	23	17	23.529411764705884	47.05882352941177	0.9470588235294117	0.7128712871287128	1.0	False	0.25838063305710457	CCT2	
MED12	auto	ok	23	23	6	0.0	33.333333333333336			1.0	False	0.4169101587546657	NLGN3	
SMARCB1	auto	ok	23	23	5	0.0	60.0			1.0	False	0.5993141289437586	DEPDC7	
STAT5A	auto	ok	23	23	13	7.6923076923076925	0.0	1.0	1.0	1.0	False	0.20395490562514257	GAST	
TCF7L2	auto	ok	23	23	4	0.0	50.0			1.0	False	0.5	FAM204A	
EIF4A2	auto	ok	22	22	6	0.0	33.333333333333336			1.0	False	0.40119078443222495	THOC2	
PARP1	auto	ok	22	22	10	10.0	40.0	1.0	1.0	1.0	False	0.2584037148437716	LIN9	
PIK3CD	auto	ok	22	23	8	12.5	50.0	0.5	0.9108910891089109	1.0	False	0.21952474717675802	MARK4	
PLK2	auto	ok	22	22	7	28.571428571428573	57.142857142857146	0.2857142857142857	0.33663366336633666	1.0	False	0.32643574986587254	PDE4D	
PPP2R1A	auto	ok	22	23	6	50.0	33.333333333333336	0.7999999999999999	0.42574257425742573	1.0	False	0.2948043186297901	LRP3	
PRKCI	auto	ok	22	22	6	33.333333333333336	50.0	0.20000000000000004	0.38613861386138615	1.0	False	0.2899117819129421	VPS8	
RAD54L	auto	ok	22	22	5	0.0	60.0			1.0	False	0.41937260261404313	XPO7	
FLT3	auto	ok	21	21	5	0.0	20.0			1.0	False	0.4440691322739369	unknown	
MAP2K2	auto	ok	21	21	7	28.571428571428573	14.285714285714286	1.0	1.0	1.0	False	0.24476378628423695	CHAF1A	
SMARCD1	auto	ok	21	21	8	12.5	50.0	0.5714285714285714	0.7920792079207921	1.0	False	0.26721848199524845	SPATS2	
BLM	auto	ok	20	20	6	0.0	50.0			1.0	False	0.41353904926217183	CRTC3	
FLCN	auto	ok	20	21	10	50.0	40.0	0.8333333333333334	0.7029702970297029	1.0	False	0.2682445100903956	SLC38A10	
MSH6	auto	ok	20	20	6	0.0	66.66666666666667			1.0	False	0.40119078443222495	RHOQ	
PIK3R3	auto	ok	20	20	3	33.333333333333336	0.0	1.0	1.0	1.0	False	0.14194697816202792	ARHGEF10L	
SMYD3	auto	ok	20	20	4	25.0	25.0	1.0	1.0	1.0	False	0.11253521345614559	COQ5	
SRC	auto	ok	20	20	4	25.0	0.0	1.0	1.0	1.0	False	0.24847490171096748	PGA3	
CHEK2	auto	ok	19	19	6	16.666666666666668	16.666666666666668	1.0	1.0	1.0	False	0.27636836014828875	TTC28	
CSF1R	auto	ok	19	19	9	0.0	33.333333333333336			1.0	False	0.37088775412919467	DELE1	
GRIN2A	auto	ok	19	19	6	0.0	16.666666666666668			1.0	False	0.40119078443222495	ARID1B	
LATS1	auto	ok	19	19	6	16.666666666666668	33.333333333333336	1.0	1.0	1.0	False	0.22322846084948844	KATNA1	
PTCH1	auto	ok	19	19	5	0.0	20.0			1.0	False	0.43172086744399	STRN	
YAP1	auto	ok	19	19	5	20.0	20.0	1.0	1.0	1.0	False	0.2861328014335576	MAML2	
FGFR4	auto	ok	18	18	9	11.11111111111111	44.44444444444444	1.0	1.0	1.0	False	0.2053008349814508	ZNF346	
PGR	auto	ok	18	18	7	14.285714285714286	57.142857142857146	0.5714285714285714	0.9504950495049505	1.0	False	0.26648622833500574	MS4A13	
VTCN1	auto	ok	18	18	5	20.0	60.0	0.5999999999999999	0.8712871287128713	1.0	False	0.28800276085957244	NRG1	
EGFL7	auto	ok	17	17	4	50.0	25.0	1.0	1.0	1.0	False	0.4086439431903055	PNPLA7	
ERCC5	auto	ok	17	17	8	0.0	37.5			1.0	False	0.5	USH2A	
LDLR	auto	ok	17	17	15	20.0	53.333333333333336	0.6853146853146853	0.1782178217821782	1.0	False	0.37589105639469417	SMARCA4	
SDC4	auto	ok	17	17	17	82.3529411764706	0.0	1.0	1.0	1.0	False	0.4730861496577955	ROS1	
TAP1	auto	ok	17	17	7	0.0	42.857142857142854			1.0	False	0.42857142857142855	LRFN2	
TGFBR1	auto	ok	17	17	4	25.0	75.0	0.75	0.7524752475247525	1.0	False	0.2714317016055221	COL15A1	
CTCF	auto	ok	16	16	4	0.0	50.0			1.0	False	0.5	UTP4	
CUL1	auto	ok	16	16	14	35.714285714285715	0.0	1.0	1.0	1.0	False	0.3837059944289621	EZH2	
RECQL	auto	ok	16	16	4	0.0	0.0			1.0	False	0.4713418595466641	STYK1	
SMO	auto	ok	16	16	8	0.0	12.5			1.0	False	0.403160041364846	EXOC4	
SUZ12	auto	ok	16	16	5	0.0	20.0			1.0	False	0.41937260261404313	KMT2A	
CCNE1	auto	ok	15	15	5	20.0	0.0	1.0	1.0	1.0	False	0.2861328014335576	ZNF222	
MSH3	auto	ok	15	16	4	0.0	50.0			1.0	False	0.5	GFUS	
TNFRSF14	auto	ok	15	15	4	25.0	0.0	1.0	1.0	1.0	False	0.26254604836572887	PLCH2	
CDK4	auto	ok	14	14	6	33.333333333333336	0.0	1.0	1.0	1.0	False	0.11833100700345292	ATP6V1C2	
E2F3	auto	ok	14	14	5	0.0	20.0			1.0	False	0.41937260261404313	FGD2	
FOXO1	auto	ok	14	14	4	50.0	0.0	1.0	1.0	1.0	False	0.3720658211212584	PAX3	
MPL	auto	ok	14	14	6	0.0	83.33333333333333			1.0	False	0.46645773367578636	INPP5B	
NUF2	auto	ok	14	14	10	40.0	10.0	1.0	1.0	1.0	False	0.28876364544317534	NOS1AP	
NUP93	auto	ok	14	14	5	0.0	20.0			1.0	False	0.41937260261404313	MT1H	
SESN3	auto	ok	14	15	5	20.0	0.0	1.0	1.0	1.0	False	0.12139421714899405	GRIA4	
SF3B1	auto	ok	14	15	5	20.0	40.0	1.0	1.0	1.0	False	0.28722573286535613	ARID5A	
EZR	auto	ok	13	13	13	61.53846153846154	0.0	1.0	1.0	1.0	False	0.41514613881929563	ROS1	
MST1R	auto	ok	13	13	5	20.0	40.0	0.4000000000000001	0.45544554455445546	1.0	False	0.2530077428468672	IP6K1	
NPM1	auto	ok	13	13	4	50.0	50.0	0.8333333333333334	0.4752475247524752	1.0	False	0.31716491855987516	FGF18	
TRAPPC9	auto	ok	13	13	13	23.076923076923077	0.0	1.0	1.0	1.0	False	0.48890907523229177	AGO2	
YES1	auto	ok	13	13	6	16.666666666666668	16.666666666666668	1.0	1.0	1.0	False	0.24428975992613539	GRK3	
AKT3	auto	ok	12	12	3	33.333333333333336	33.333333333333336	1.0	1.0	1.0	False	0.2669852203680074	SDCCAG8	
CEBPA	auto	ok	12	12	6	0.0	0.0			1.0	False	0.4444444444444445	NELL1	
DUSP4	auto	ok	12	12	6	0.0	33.333333333333336			1.0	False	0.41353904926217183	DPYSL2	
FYN	auto	ok	12	12	3	66.66666666666667	66.66666666666667	1.0	0.9801980198019802	1.0	False	0.142202454020413	LAMA2	
IDH1	auto	ok	12	12	4	25.0	0.0	1.0	1.0	1.0	False	0.26254604836572887	CMKLR2-AS	
PAX5	auto	ok	12	12	3	33.333333333333336	66.66666666666667	0.6666666666666667	0.9801980198019802	1.0	False	0.18595705525746317	ADAMTSL1	
PIK3C3	auto	ok	12	12	1	100.0	100.0	1.0	1.0	1.0	False	0.37724109580908677	SLC35D4	
PIK3CA	auto	ok	12	12	5	0.0	80.0			1.0	False	0.522242236063208	DLG1	
ERCC4	auto	ok	11	11	5	20.0	40.0	1.0	1.0	1.0	False	0.28722573286535613	MRTFB	
FGF19	auto	ok	11	11	8	0.0	0.0			1.0	False	0.4888187214990826	CPT1A	
GSK3B	auto	ok	11	11	2	50.0	0.0	1.0	1.0	1.0	False	0.26254604836572887	FSTL1	
MKRN1	auto	ok	11	11	11	63.63636363636363	0.0	1.0	1.0	1.0	False	0.3815396239408897	BRAF	
MLH1	auto	ok	11	14	2	50.0	50.0	1.0	1.0	1.0	False	0.26254604836572887	SLC4A7	
PHF7	auto	ok	11	11	2	50.0	0.0	1.0	1.0	1.0	False	0.26254604836572887	BAP1	
RAD51D	auto	ok	11	11	2	50.0	0.0	1.0	1.0	1.0	False	0.26254604836572887	ASIC2	
RELA	auto	ok	11	11	6	33.333333333333336	100.0	1.0	1.0	1.0	False	0.4260233146957606	ZFTA	
SOS1	auto	ok	11	11	3	33.333333333333336	0.0	1.0	1.0	1.0	False	0.1464790014476273	ALK	
TACC2	auto	ok	11	11	8	62.5	100.0	1.0	1.0	1.0	False	0.5485411592641269	FGFR2	
BMPR1A	auto	ok	10	10	1	100.0	0.0	1.0	1.0	1.0	False	0.37724109580908677	DACH2	
CDK8	auto	ok	10	10	4	25.0	0.0	1.0	1.0	1.0	False	0.14716143298111345	CACNA1I	
CUL3	auto	ok	10	10	2	50.0	0.0	1.0	1.0	1.0	False	0.2598557556105325	CERKL	
EPAS1	auto	ok	10	10	5	0.0	20.0			1.0	False	0.41937260261404313	SBF2	
IKZF3	auto	ok	10	10	8	25.0	62.5	0.35714285714285715	1.0	1.0	False	0.27188474728803735	ERBB2	
MDM4	auto	ok	10	10	4	25.0	50.0	0.5	0.6138613861386139	1.0	False	0.3136914669310418	RBBP5	
RXRA	auto	ok	10	10	3	33.333333333333336	66.66666666666667	1.0	1.0	1.0	False	0.14194697816202792	RAPGEF1	
TRIM24	auto	ok	10	10	9	88.88888888888889	0.0	1.0	1.0	1.0	False	0.3975546575801107	BRAF	
ARAF	auto	ok	9	10	2	50.0	50.0	1.0	1.0	1.0	False	0.20816169095624273	SCML2	
LRP1	auto	ok	9	9	5	0.0	20.0			1.0	False	0.4346826801334229	NAB2	
NTHL1	auto	ok	9	9	3	33.333333333333336	66.66666666666667	0.6666666666666667	0.5346534653465347	1.0	False	0.19608172582571629	ABCA3	
PPARG	auto	ok	9	9	2	50.0	50.0	0.5	0.6039603960396039	1.0	False	0.20721143518473017	IQSEC1	
RAD51	auto	ok	9	9	3	66.66666666666667	66.66666666666667	0.3333333333333333	0.8712871287128713	1.0	False	0.2773341062252672	EGFR	
SESN1	auto	ok	9	9	5	0.0	0.0			1.0	False	0.41937260261404313	INPP5D	
STK40	auto	ok	9	9	3	33.333333333333336	0.0	1.0	1.0	1.0	False	0.1952540839265298	ASXL2	
ETV4	auto	ok	8	8	6	33.333333333333336	16.666666666666668	1.0	1.0	1.0	False	0.3893111338805085	TMPRSS2	
HNF1A	auto	ok	8	8	5	0.0	20.0			1.0	False	0.4440691322739369	CFAP251	
IKZF1	auto	ok	8	8	1	100.0	0.0	1.0	1.0	1.0	False	0.37724109580908677	BBS9	
IRF4	auto	ok	8	8	5	0.0	20.0			1.0	False	0.4666666666666667	IFNGR1	
KRAS	auto	ok	8	8	3	33.333333333333336	0.0	1.0	1.0	1.0	False	0.1856229714426519	MS4A2	
MAPK1	auto	ok	8	8	2	50.0	0.0	1.0	1.0	1.0	False	0.2598557556105325	GNL2	
MCL1	auto	ok	8	8	6	0.0	50.0			1.0	False	0.45384951881014873	RPRD2	
MSI1	auto	ok	8	8	5	20.0	40.0	1.0	1.0	1.0	False	0.21919840822182354	GCN1	
MTAP	auto	ok	8	8	4	25.0	25.0	0.25	0.18811881188118812	1.0	False	0.4351070892686747	CDKN2A	
PDE4D	auto	ok	8	8	6	16.666666666666668	66.66666666666667	0.6666666666666667	0.22772277227722773	1.0	False	0.3623123517988878	MAP3K1	
PTK2	auto	ok	8	8	8	25.0	50.0	1.0	1.0	1.0	False	0.27603181077276656	AGO2	
SLC25A21	auto	ok	8	8	8	0.0	12.5			1.0	False	0.44664532988677036	FOXA1	
STRN	auto	ok	8	8	8	25.0	0.0	1.0	1.0	1.0	False	0.5381303206461238	ALK	
CDK6	auto	ok	7	7	2	50.0	0.0	1.0	1.0	1.0	False	0.2598557556105325	PPP1R9A	
CRKL	auto	ok	7	7	4	0.0	50.0			1.0	False	0.6442307692307693	LZTR1	
DCUN1D1	auto	ok	7	7	3	66.66666666666667	0.0	1.0	1.0	1.0	False	0.16056771549706889	ASCC3	
DNM2	auto	ok	7	7	7	28.571428571428573	42.857142857142854	0.7142857142857143	0.9504950495049505	1.0	False	0.22863925365911686	CARM1	
GAB2	auto	ok	7	7	5	20.0	20.0	1.0	1.0	1.0	False	0.2861328014335576	CCND1	
IGF2	auto	ok	7	8	4	50.0	75.0	0.5	0.8217821782178217	1.0	False	0.26136910478582953	INTS2	
ST7	auto	ok	7	7	7	14.285714285714286	0.0	1.0	1.0	1.0	False	0.4370123256847715	MET	
TACC1	auto	ok	7	7	4	25.0	75.0	1.0	1.0	1.0	False	0.26254604836572887	FGFR1	
CAMTA1	auto	ok	6	6	5	20.0	0.0	1.0	1.0	1.0	False	0.12408450990419037	DNMT1	
CDKN2C	auto	ok	6	6	3	33.333333333333336	66.66666666666667	0.6666666666666667	0.32673267326732675	1.0	False	0.1594140121957364	NKAIN1	
CPM	auto	ok	6	6	5	40.0	0.0	1.0	1.0	1.0	False	0.1384735351237383	CSF1R	
CTNNA3	auto	ok	6	6	5	60.0	0.0	1.0	1.0	1.0	False	0.25249754157554144	FGFR2	
DTNB	auto	ok	6	6	6	16.666666666666668	0.0	1.0	1.0	1.0	False	0.3383186642971546	DNMT3A	
EIF3H	auto	ok	6	6	5	60.0	0.0	1.0	1.0	1.0	False	0.5290004566530699	RAD21	
EPHX3	auto	ok	6	6	6	16.666666666666668	0.0	1.0	1.0	1.0	False	0.26254604836572887	BRD4	
NOS1AP	auto	ok	6	6	6	0.0	16.666666666666668			1.0	False	0.44336417604453715	DDR2	
SMARCA2	auto	ok	6	6	3	33.333333333333336	66.66666666666667	0.6666666666666667	0.8217821782178217	1.0	False	0.1423968508023651	EWSR1	
SOX2	auto	ok	6	6	4	0.0	75.0			1.0	False	0.5008726003490401	SOX2-OT	
TANC2	auto	ok	6	6	6	16.666666666666668	50.0	1.0	1.0	1.0	False	0.2262558415213608	RNF43	
TFG	auto	ok	6	6	6	100.0	100.0	1.0	1.0	1.0	False	0.32456395570735913	ROS1	
ZNRF3	auto	ok	6	6	6	33.333333333333336	66.66666666666667	0.9333333333333333	1.0	1.0	False	0.43358175017230144	EWSR1	
ATE1	auto	ok	5	5	3	33.333333333333336	0.0	1.0	1.0	1.0	False	0.3751838131139366	FGFR2	
BCL2L1	auto	ok	5	5	2	50.0	50.0	0.5	0.5148514851485149	1.0	False	0.20925044963696451	FSIP1	
CNTNAP2	auto	ok	5	5	3	66.66666666666667	0.0	1.0	1.0	1.0	False	0.26695900535558165	MET	
CREM	auto	ok	5	5	5	20.0	100.0	1.0	1.0	1.0	False	0.2602069103994065	EWSR1	
CTTNBP2	auto	ok	5	5	5	0.0	20.0			1.0	False	0.5284635117049522	KMT2C	
EIF4E	auto	ok	5	5	2	50.0	0.0	1.0	1.0	1.0	False	0.2598557556105325	SHROOM3	
FBXL7	auto	ok	5	5	4	50.0	75.0	0.5	0.594059405940594	1.0	False	0.4248653447945503	RET	
GPATCH8	auto	ok	5	5	4	25.0	50.0	0.5	0.8514851485148515	1.0	False	0.3092506306265007	ERBB2	
HCN1	auto	ok	5	5	1	100.0	0.0	1.0	1.0	1.0	False	0.37724109580908677	DROSHA	
LRP1B	auto	ok	5	5	2	50.0	50.0	1.0	1.0	1.0	False	0.20077050757379267	ALK	
MAD1L1	auto	ok	5	5	5	40.0	0.0	1.0	1.0	1.0	False	0.23820693161671705	BRAF	
PRKAG2	auto	ok	5	5	5	20.0	40.0	1.0	1.0	1.0	False	0.2774105994664295	KMT2C	
RAC2	auto	ok	5	5	2	50.0	0.0	1.0	1.0	1.0	False	0.2598557556105325	ATP6V0A4	
SBNO2	auto	ok	5	5	4	0.0	75.0			1.0	False	0.44664532988677036	TCF3	
SDHAF2	auto	ok	5	6	1	100.0	0.0	1.0	1.0	1.0	False	0.49331527913495954	MGMT	
SFPQ	auto	ok	5	5	4	25.0	75.0	1.0	1.0	1.0	False	0.4008186642971546	TFE3	
SHANK2	auto	ok	5	5	4	0.0	25.0			1.0	False	0.44664532988677036	FGF3	
SMARCE1	auto	ok	5	5	1	100.0	0.0	1.0	1.0	1.0	False	0.49331527913495954	DNAJC17	
SMURF2	auto	ok	5	5	4	25.0	75.0	0.75	0.3564356435643564	1.0	False	0.25685540326310763	CD79B	
SPTBN1	auto	ok	5	5	4	50.0	0.0	1.0	1.0	1.0	False	0.3932212032360768	ALK	
THSD4	auto	ok	5	5	4	25.0	25.0	1.0	1.0	1.0	False	0.24390624114684611	STAT5A	
TPR	auto	ok	5	5	5	40.0	0.0	1.0	1.0	1.0	False	0.5142123426933312	NTRK1	
CDKN2A	auto	ok	185	187	21	4.761904761904762	0.0					0.2857142857142857	CDKN2B	
KMT2B	unresolved	failed	68	69										No canonical transcript/protein could be resolved for this gene.
NSD3	auto	ok	58	58	28	14.285714285714286	0.0					0.14285714285714285	FGFR1	
RECQL4	unresolved	failed	54	54										No canonical transcript/protein could be resolved for this gene.
PRKN	auto	ok	40	40	4	50.0	0.0					0.25	ESR1	
NSD2	auto	ok	37	37	9	33.333333333333336	0.0					0.3333333333333333	FGFR3	
MAP3K14	unresolved	failed	36	36										No canonical transcript/protein could be resolved for this gene.
ASXL1	auto	ok	35	35	9	0.0	77.77777777777777					0.22222222222222224	DNMT3B	
TCF3	unresolved	failed	35	36										No canonical transcript/protein could be resolved for this gene.
RASA1	auto	ok	32	32	4	0.0	50.0					0.5	KIAA0825	
STAG2	auto	ok	31	31	2	0.0	0.0					0.5	KCNJ15	
AR	auto	ok	30	30	2	0.0	50.0					0.5	CAGE1	
CDC73	auto	ok	28	28	2	0.0	50.0					0.5	HIVEP3	
JAK2	auto	ok	27	27	3	0.0	33.333333333333336					0.3016373285943093	CDC37L1	
CDKN1B	auto	ok	24	24	3	0.0	0.0					0.3016373285943093	BCL2L14	
MSH2	auto	ok	23	23	4	0.0	0.0					0.27309505687666324	CTNNA2	
NFKBIA	auto	ok	23	23	1	0.0	100.0					1.0	CHCT1	
MEN1	auto	ok	22	22	3	0.0	0.0					0.3016373285943093	MAML2	
MYC	auto	ok	22	22	3	0.0	0.0					0.3333333333333333	BCR	
TET2	auto	ok	21	23	3	0.0	66.66666666666667					0.5516373285943094	ARHGEF38	
ERF	unresolved	failed	20	20										No canonical transcript/protein could be resolved for this gene.
KIT	auto	ok	20	20	2	0.0	0.0					0.42663732859430936	KDR	
CDKN2B-AS1	unresolved	failed	19	19										No canonical transcript/protein could be resolved for this gene.
EPHA3	auto	ok	19	19	2	0.0	0.0					0.42663732859430936	MAPK6	
NEGR1	auto	ok	19	19	3	0.0	66.66666666666667					0.3333333333333333	HELZ	
PALB2	auto	ok	19	19	5	0.0	0.0					0.2	ERN2	
SEPTIN14	unresolved	failed	19	19										No canonical transcript/protein could be resolved for this gene.
BBC3	auto	ok	18	18	8	50.0	0.0					0.375	SAE1	
GATA3	auto	ok	18	18	2	0.0	0.0					0.5	CAMK1D	
AMER1	auto	ok	17	17	3	0.0	33.333333333333336					0.3333333333333333	ASB12	
COP1	auto	ok	17	17	2	50.0	0.0					0.5	DNAJB4	
DDR2	auto	ok	17	17	5	0.0	0.0					0.20163732859430936	CD247	
EPHA5	auto	ok	17	17	3	0.0	33.333333333333336					0.5516373285943094	TECRL	
INPP4B	auto	ok	17	18	1	100.0	0.0					1.0	FREM3	
RAD50	auto	ok	17	18	3	0.0	33.333333333333336					0.3016373285943093	FBN2	
BCL6	auto	ok	16	16	3	0.0	66.66666666666667					0.3016373285943093	DGKG	
DICER1	auto	ok	16	16	5	0.0	0.0					0.38559505687666323	CLMN	
ERRFI1	auto	ok	16	16	3	0.0	0.0					0.6666666666666666	ZNF135	
LATS2	auto	ok	16	16	1	0.0	0.0					0.8016373285943093	ATP8A2	
MITF	auto	ok	16	16	1	0.0	100.0					1.0	FOXP1	
MSI2	auto	ok	16	16	2	0.0	50.0					0.42663732859430936	BCAS3	
NCOA4	auto	failed	16	16										ValueError: Genome Nexus returned no exon coordinates for target-locus validation
RAD52	auto	ok	16	16	1	0.0	100.0					0.8016373285943093	IRAK2	
TGFBR2	auto	ok	16	16	2	0.0	50.0					0.5	GADL1	
TRAP1	unresolved	failed	16	16										No canonical transcript/protein could be resolved for this gene.
CREB3L1	unresolved	failed	15	15										No canonical transcript/protein could be resolved for this gene.
INPP4A	auto	ok	15	15	7	14.285714285714286	0.0					0.2857142857142857	MGAT4A	
SRP19	auto	ok	15	15	8	0.0	0.0					1.0	APC	
GPS2	auto	ok	14	16	2	0.0	0.0					0.5	DNAH9	
HGF	auto	ok	14	14	4	0.0	50.0					0.46059505687666324	AATF	
LINC00114	unresolved	failed	14	14										No canonical transcript/protein could be resolved for this gene.
RIT1	auto	ok	14	14	6	0.0	0.0					0.35962574206123865	CCT3	
TAP2	auto	ok	14	14	2	0.0	0.0					0.5	ACLY	
TRAF2	unresolved	failed	14	14										No canonical transcript/protein could be resolved for this gene.
CYLD	auto	ok	13	13	1	0.0	0.0					1.0	TACC1	
DAXX	auto	ok	13	13	1	0.0	0.0					1.0	TFAP2B	
MAP2K1	auto	ok	13	13	4	0.0	50.0					0.25	OS9	
MEF2B	unresolved	failed	13	13										No canonical transcript/protein could be resolved for this gene.
MRE11	auto	ok	13	13	5	0.0	20.0					0.2	ATM	
PAK5	auto	ok	13	13	2	50.0	0.0					0.5	KDM5C	
RAD51C	auto	ok	13	13	6	0.0	0.0					0.17663732859430936	BCAS3	
SPOP	auto	ok	13	13	2	0.0	50.0					0.42663732859430936	GDPD1	
BIRC3	auto	ok	12	12	3	0.0	66.66666666666667					0.3016373285943093	BIRC2	
BTK	auto	ok	12	12	1	0.0	0.0					1.0	RPL36A-HNRNPH2	
CBFB	auto	ok	12	12	1	0.0	0.0					1.0	SLC6A14	
EED	auto	ok	12	12	2	0.0	0.0					0.42663732859430936	DCLK1	
IRS1	auto	ok	12	13	2	0.0	0.0					0.5	ABCA12	
RAB35	auto	ok	12	12	3	0.0	0.0					0.3355950568766632	CDH12	
SMAD2	auto	ok	12	13	1	0.0	0.0					0.8016373285943093	RERE	
VEGFA	auto	ok	12	12	4	0.0	0.0					0.46059505687666324	ABCC4	
ALOX12B	auto	ok	11	11	2	0.0	0.0					0.42663732859430936	HES7	
BABAM1	auto	ok	11	12	4	0.0	0.0					0.5	ATP6V1E1	
BCL2	auto	ok	11	11	1	0.0	0.0					1.0	VPS4B	
EPHA7	auto	ok	11	11	2	0.0	50.0					0.42663732859430936	CDH15	
FANCC	auto	ok	11	11	3	0.0	0.0					0.6096257420612385	CNTLN	
FBXW7	auto	ok	11	11	3	0.0	0.0					0.3016373285943093	PKD1L1	
IDH2	auto	ok	11	11	2	0.0	0.0					0.42663732859430936	CHN1	
SRSF2	auto	ok	11	11	1	0.0	100.0					1.0	NPAS1	
TNFAIP3	auto	ok	11	12	3	0.0	0.0					0.3016373285943093	AIG1	
AURKA	auto	ok	10	10	3	0.0	33.333333333333336					0.5516373285943094	RAB3GAP2	
CCND2	auto	ok	10	10	5	0.0	60.0					0.3516373285943093	ETV6	
EPHB1	auto	ok	10	10	2	0.0	50.0					0.5	GMPS	
H3C2	unresolved	failed	10	10										No canonical transcript/protein could be resolved for this gene.
MAPK3	auto	ok	10	10	1	0.0	0.0					0.8016373285943093	GDPD3	
PIK3CG	auto	ok	10	10	0	0.0	0.0							
PMS1	auto	ok	10	11	0	0.0	0.0							
PTPN11	auto	ok	10	10	3	0.0	0.0					0.3333333333333333	ANKS1B	
SH2B3	auto	ok	10	10	4	0.0	25.0					0.25	ATXN2	
SOX17	auto	ok	10	10	3	0.0	0.0					0.5855950568766632	XKR4	
SYK	auto	ok	10	10	1	0.0	0.0					1.0	SMC2	
CHEK1	auto	ok	9	9	2	0.0	0.0					0.42663732859430936	EI24	
GATA1	auto	ok	9	9	1	0.0	0.0					1.0	HDAC6	
IFNGR1	auto	ok	9	9	3	0.0	33.333333333333336					0.3016373285943093	ALDH2	
MAPKAP1	auto	ok	9	10	1	0.0	100.0					0.8016373285943093	KIF2A	
PPP6C	auto	ok	9	9	1	0.0	0.0					1.0	LCN8	
PRDM14	auto	ok	9	9	0	0.0	0.0							
REL	auto	ok	9	9	0	0.0	0.0							
SHQ1	auto	ok	9	9	2	0.0	50.0					0.5	FHIT	
AKAP8	auto	ok	8	8	1	0.0	0.0					1.0	NOTCH3	
AURKB	auto	ok	8	8	3	0.0	33.333333333333336					0.3333333333333333	ALOXE3	
BARD1	auto	ok	8	8	0	0.0	0.0							
BCL2L14	auto	ok	8	8	4	50.0	0.0					0.75	ETV6	
CCND3	auto	ok	8	8	2	0.0	0.0					0.8355950568766631	MED20	
CD79B	auto	ok	8	8	3	0.0	33.333333333333336					0.3016373285943093	SCN4A	
ERCC3	auto	ok	8	8	3	0.0	33.333333333333336					0.3016373285943093	CRACDL	
FGF3	auto	ok	8	8	3	0.0	0.0					0.3333333333333333	PPP6R3	
GNA11	auto	ok	8	8	1	0.0	0.0					1.0	LMNB2	
ICOSLG	auto	ok	8	8	0	0.0	0.0							
LYN	auto	ok	8	8	4	0.0	0.0					0.23913732859430936	ASIC2	
NBPF20	unresolved	failed	8	8										No canonical transcript/protein could be resolved for this gene.
PDCD1	auto	ok	8	8	1	0.0	0.0					1.0	LINC01237	
RRAS	auto	ok	8	8	3	0.0	33.333333333333336					0.3333333333333333	BCL2L12	
XRCC2	auto	ok	8	8	1	0.0	0.0					1.0	SHH	
ACP3	auto	ok	7	7	7	71.42857142857143	0.0					0.42857142857142855	FGFR1	
AP1B1	auto	ok	7	7	2	0.0	0.0					1.0	EWSR1	
ASIC2	auto	ok	7	7	6	16.666666666666668	0.0					0.3333333333333333	NF1	
ATP1B2	auto	ok	7	7	6	0.0	0.0					1.0	TP53	
DCBLD1	auto	ok	7	7	0	0.0	0.0							
EPCAM	auto	ok	7	7	2	0.0	0.0					0.5	GMCL1	
H3C4	auto	ok	7	7	0	0.0	0.0							
INHA	auto	ok	7	7	1	0.0	0.0					1.0	EIF2AK2	
JUN	auto	ok	7	7	0	0.0	0.0							
KLF4	auto	ok	7	7	0	0.0	0.0							
NKX3-1	auto	ok	7	7	1	0.0	0.0					1.0	WRN	
PDPK1	auto	ok	7	7	1	0.0	100.0					1.0	CPPED1	
RAB11FIP4	unresolved	failed	7	7										No canonical transcript/protein could be resolved for this gene.
RYBP	auto	ok	7	8	0	0.0	0.0							
SDHC	auto	ok	7	7	3	0.0	66.66666666666667					0.3016373285943093	ARHGEF11	
SHOC2	auto	ok	7	8	1	0.0	100.0					1.0	TSC22D1	
TENT5C	auto	ok	7	7	0	0.0	0.0							
AGAP3	unresolved	failed	6	6										No canonical transcript/protein could be resolved for this gene.
CD274	auto	ok	6	6	1	0.0	0.0					1.0	EYA1	
CD276	auto	ok	6	6	0	0.0	0.0							
CDH3	unresolved	failed	6	6										No canonical transcript/protein could be resolved for this gene.
FGF4	auto	ok	6	6	2	0.0	50.0					0.5	CPT1A	
GALNT11	auto	ok	6	6	6	0.0	33.333333333333336					1.0	KMT2C	
GRB7	auto	ok	6	6	5	0.0	20.0					0.8	ERBB2	
H1-2	auto	ok	6	6	1	0.0	0.0					1.0	SLC17A3	
H3-3B	auto	ok	6	6	4	0.0	0.0					0.5	UNK	
H3C6	unresolved	failed	6	6										No canonical transcript/protein could be resolved for this gene.
HOXB13	auto	ok	6	6	2	0.0	0.0					0.5	ABCD3	
IL7R	auto	ok	6	6	2	0.0	100.0					0.5	CDH12	
INHBA	auto	ok	6	6	2	0.0	50.0					0.42663732859430936	EPC1	
ITM2B	auto	ok	6	6	3	0.0	33.333333333333336					0.8016373285943093	RB1	
KANSL1	auto	ok	6	6	5	0.0	0.0					0.4	MAP3K14	
KAZN	auto	ok	6	6	4	0.0	50.0					0.23913732859430936	FLT4	
KLF5	auto	ok	6	6	0	0.0	0.0							
MAX	auto	ok	6	6	0	0.0	0.0							
NKX2-1	auto	ok	6	6	2	0.0	100.0					1.0	NKX2-8	
NOL4	auto	ok	6	6	6	66.66666666666667	0.0					0.6666666666666666	FGFR2	
PDCD1LG2	auto	ok	6	6	2	0.0	50.0					0.5	GLIS3	
PLCD3	unresolved	failed	6	6										No canonical transcript/protein could be resolved for this gene.
PMS2	auto	ok	6	6	0	0.0	0.0							
PRDM1	auto	ok	6	6	1	0.0	0.0					1.0	PBK	
PTP4A1	auto	ok	6	6	0	0.0	0.0							
RHOA	auto	ok	6	6	3	0.0	0.0					0.3333333333333333	RASA2	
SESN2	auto	ok	6	7	1	0.0	0.0					1.0	TEX46	
SOCS1	auto	ok	6	6	1	0.0	0.0					1.0	RBM44	
SPG11	auto	ok	6	6	3	0.0	0.0					0.6666666666666666	TP53	
SPRED1	auto	ok	6	7	0	0.0	0.0							
TSHR	auto	ok	6	6	0	0.0	0.0							
WWTR1	auto	ok	6	6	1	0.0	100.0					1.0	NPM1	
ZNF598	auto	ok	6	6	5	0.0	0.0					0.8	TSC2	
ZRSR2	auto	ok	6	7	1	0.0	0.0					1.0	SHROOM2	
AHCYL2	auto	ok	5	5	3	0.0	66.66666666666667					0.8355950568766631	SMO	
CASZ1	auto	ok	5	5	5	0.0	0.0					0.2	DNMT1	
EYA2	auto	ok	5	5	4	0.0	0.0					0.75	NCOA3	
H2BC5	auto	ok	5	5	2	0.0	0.0					0.5	H1-4	
H3-5	auto	ok	5	5	0	0.0	0.0							
KCNU1	auto	ok	5	5	1	0.0	0.0					1.0	RRAS	
KIAA1217	auto	ok	5	5	5	80.0	0.0					0.8	FGFR2	
MED13	auto	ok	5	5	3	0.0	33.333333333333336					0.3333333333333333	BRCA1	
MIPOL1	auto	ok	5	5	3	0.0	0.0					0.6666666666666666	FOXA1	
MST1	auto	ok	5	5	1	0.0	0.0					1.0	MON1A	
MUTYH	auto	ok	5	5	3	0.0	100.0					1.0	OSBPL9	
MYOD1	auto	ok	5	6	3	0.0	33.333333333333336					0.3016373285943093	DNAJC24	
NADK	auto	ok	5	5	1	0.0	0.0					1.0	CCNL2	
PPP4R2	auto	ok	5	5	1	0.0	0.0					0.8016373285943093	RAF1	
RHEB	auto	ok	5	5	2	0.0	0.0					0.46059505687666324	ACTR3B	
SLFN11	auto	ok	5	5	0	0.0	0.0							
TMEM117	auto	ok	5	5	5	0.0	0.0					0.42752729088635066	NAB2	
VHL	auto	ok	5	5	1	0.0	0.0					1.0	IRAK2	
WHR1	auto	ok	5	5	2	0.0	0.0					0.5	C4A	
XIAP	auto	ok	5	5	1	0.0	0.0					1.0	CHRDL1	
ZFTA	unresolved	failed	5	5										No canonical transcript/protein could be resolved for this gene.
